C:\1jan2019pranitlenovo\data\mtechparul\final year dissertation\data\18sept19\onepassonly\IMG\center_2019_09_18_17_26_33_792.jpg,C:\1jan2019pranitlenovo\data\mtechparul\final year dissertation\data\18sept19\onepassonly\IMG\left_2019_09_18_17_26_33_792.jpg,C:\1jan2019pranitlenovo\data\mtechparul\final year dissertation\data\18sept19\onepassonly\IMG\right_2019_09_18_17_26_33_792.jpg,0,0,0,1.36E-06
C:\1jan2019pranitlenovo\data\mtechparul\final year dissertation\data\18sept19\onepassonly\IMG\center_2019_09_18_17_26_33_849.jpg,C:\1jan2019pranitlenovo\data\mtechparul\final year dissertation\data\18sept19\onepassonly\IMG\left_2019_09_18_17_26_33_849.jpg,C:\1jan2019pranitlenovo\data\mtechparul\final year dissertation\data\18sept19\onepassonly\IMG\right_2019_09_18_17_26_33_849.jpg,0,0,0,5.57E-06
C:\1jan2019pranitlenovo\data\mtechparul\final year dissertation\data\18sept19\onepassonly\IMG\center_2019_09_18_17_26_33_918.jpg,C:\1jan2019pranitlenovo\data\mtechparul\final year dissertation\data\18sept19\onepassonly\IMG\left_2019_09_18_17_26_33_918.jpg,C:\1jan2019pranitlenovo\data\mtechparul\final year dissertation\data\18sept19\onepassonly\IMG\right_2019_09_18_17_26_33_918.jpg,0,0,0,7.56E-06
C:\1jan2019pranitlenovo\data\mtechparul\final year dissertation\data\18sept19\onepassonly\IMG\center_2019_09_18_17_26_33_986.jpg,C:\1jan2019pranitlenovo\data\mtechparul\final year dissertation\data\18sept19\onepassonly\IMG\left_2019_09_18_17_26_33_986.jpg,C:\1jan2019pranitlenovo\data\mtechparul\final year dissertation\data\18sept19\onepassonly\IMG\right_2019_09_18_17_26_33_986.jpg,0,0,0,1.24E-06
C:\1jan2019pranitlenovo\data\mtechparul\final year dissertation\data\18sept19\onepassonly\IMG\center_2019_09_18_17_26_34_055.jpg,C:\1jan2019pranitlenovo\data\mtechparul\final year dissertation\data\18sept19\onepassonly\IMG\left_2019_09_18_17_26_34_055.jpg,C:\1jan2019pranitlenovo\data\mtechparul\final year dissertation\data\18sept19\onepassonly\IMG\right_2019_09_18_17_26_34_055.jpg,0,0,0,6.09E-06
C:\1jan2019pranitlenovo\data\mtechparul\final year dissertation\data\18sept19\onepassonly\IMG\center_2019_09_18_17_26_34_127.jpg,C:\1jan2019pranitlenovo\data\mtechparul\final year dissertation\data\18sept19\onepassonly\IMG\left_2019_09_18_17_26_34_127.jpg,C:\1jan2019pranitlenovo\data\mtechparul\final year dissertation\data\18sept19\onepassonly\IMG\right_2019_09_18_17_26_34_127.jpg,0,0,0,1.07E-05
C:\1jan2019pranitlenovo\data\mtechparul\final year dissertation\data\18sept19\onepassonly\IMG\center_2019_09_18_17_26_34_206.jpg,C:\1jan2019pranitlenovo\data\mtechparul\final year dissertation\data\18sept19\onepassonly\IMG\left_2019_09_18_17_26_34_206.jpg,C:\1jan2019pranitlenovo\data\mtechparul\final year dissertation\data\18sept19\onepassonly\IMG\right_2019_09_18_17_26_34_206.jpg,0,0,0,8.69E-06
C:\1jan2019pranitlenovo\data\mtechparul\final year dissertation\data\18sept19\onepassonly\IMG\center_2019_09_18_17_26_34_278.jpg,C:\1jan2019pranitlenovo\data\mtechparul\final year dissertation\data\18sept19\onepassonly\IMG\left_2019_09_18_17_26_34_278.jpg,C:\1jan2019pranitlenovo\data\mtechparul\final year dissertation\data\18sept19\onepassonly\IMG\right_2019_09_18_17_26_34_278.jpg,0,0,0,5.57E-06
C:\1jan2019pranitlenovo\data\mtechparul\final year dissertation\data\18sept19\onepassonly\IMG\center_2019_09_18_17_26_34_346.jpg,C:\1jan2019pranitlenovo\data\mtechparul\final year dissertation\data\18sept19\onepassonly\IMG\left_2019_09_18_17_26_34_346.jpg,C:\1jan2019pranitlenovo\data\mtechparul\final year dissertation\data\18sept19\onepassonly\IMG\right_2019_09_18_17_26_34_346.jpg,0,0,0,1.69E-06
C:\1jan2019pranitlenovo\data\mtechparul\final year dissertation\data\18sept19\onepassonly\IMG\center_2019_09_18_17_26_34_415.jpg,C:\1jan2019pranitlenovo\data\mtechparul\final year dissertation\data\18sept19\onepassonly\IMG\left_2019_09_18_17_26_34_415.jpg,C:\1jan2019pranitlenovo\data\mtechparul\final year dissertation\data\18sept19\onepassonly\IMG\right_2019_09_18_17_26_34_415.jpg,0,0,0,5.12E-06
C:\1jan2019pranitlenovo\data\mtechparul\final year dissertation\data\18sept19\onepassonly\IMG\center_2019_09_18_17_26_34_485.jpg,C:\1jan2019pranitlenovo\data\mtechparul\final year dissertation\data\18sept19\onepassonly\IMG\left_2019_09_18_17_26_34_485.jpg,C:\1jan2019pranitlenovo\data\mtechparul\final year dissertation\data\18sept19\onepassonly\IMG\right_2019_09_18_17_26_34_485.jpg,0,0,0,1.06E-06
C:\1jan2019pranitlenovo\data\mtechparul\final year dissertation\data\18sept19\onepassonly\IMG\center_2019_09_18_17_26_34_558.jpg,C:\1jan2019pranitlenovo\data\mtechparul\final year dissertation\data\18sept19\onepassonly\IMG\left_2019_09_18_17_26_34_558.jpg,C:\1jan2019pranitlenovo\data\mtechparul\final year dissertation\data\18sept19\onepassonly\IMG\right_2019_09_18_17_26_34_558.jpg,0,0,0,1.58E-06
C:\1jan2019pranitlenovo\data\mtechparul\final year dissertation\data\18sept19\onepassonly\IMG\center_2019_09_18_17_26_34_631.jpg,C:\1jan2019pranitlenovo\data\mtechparul\final year dissertation\data\18sept19\onepassonly\IMG\left_2019_09_18_17_26_34_631.jpg,C:\1jan2019pranitlenovo\data\mtechparul\final year dissertation\data\18sept19\onepassonly\IMG\right_2019_09_18_17_26_34_631.jpg,0,0,0,2.11E-06
C:\1jan2019pranitlenovo\data\mtechparul\final year dissertation\data\18sept19\onepassonly\IMG\center_2019_09_18_17_26_34_703.jpg,C:\1jan2019pranitlenovo\data\mtechparul\final year dissertation\data\18sept19\onepassonly\IMG\left_2019_09_18_17_26_34_703.jpg,C:\1jan2019pranitlenovo\data\mtechparul\final year dissertation\data\18sept19\onepassonly\IMG\right_2019_09_18_17_26_34_703.jpg,0,0,0,6.05E-06
C:\1jan2019pranitlenovo\data\mtechparul\final year dissertation\data\18sept19\onepassonly\IMG\center_2019_09_18_17_26_34_773.jpg,C:\1jan2019pranitlenovo\data\mtechparul\final year dissertation\data\18sept19\onepassonly\IMG\left_2019_09_18_17_26_34_773.jpg,C:\1jan2019pranitlenovo\data\mtechparul\final year dissertation\data\18sept19\onepassonly\IMG\right_2019_09_18_17_26_34_773.jpg,0,0,0,1.37E-06
C:\1jan2019pranitlenovo\data\mtechparul\final year dissertation\data\18sept19\onepassonly\IMG\center_2019_09_18_17_26_34_845.jpg,C:\1jan2019pranitlenovo\data\mtechparul\final year dissertation\data\18sept19\onepassonly\IMG\left_2019_09_18_17_26_34_845.jpg,C:\1jan2019pranitlenovo\data\mtechparul\final year dissertation\data\18sept19\onepassonly\IMG\right_2019_09_18_17_26_34_845.jpg,0,0,0,6.94E-07
C:\1jan2019pranitlenovo\data\mtechparul\final year dissertation\data\18sept19\onepassonly\IMG\center_2019_09_18_17_26_34_920.jpg,C:\1jan2019pranitlenovo\data\mtechparul\final year dissertation\data\18sept19\onepassonly\IMG\left_2019_09_18_17_26_34_920.jpg,C:\1jan2019pranitlenovo\data\mtechparul\final year dissertation\data\18sept19\onepassonly\IMG\right_2019_09_18_17_26_34_920.jpg,0,0,0,2.77E-06
C:\1jan2019pranitlenovo\data\mtechparul\final year dissertation\data\18sept19\onepassonly\IMG\center_2019_09_18_17_26_34_994.jpg,C:\1jan2019pranitlenovo\data\mtechparul\final year dissertation\data\18sept19\onepassonly\IMG\left_2019_09_18_17_26_34_994.jpg,C:\1jan2019pranitlenovo\data\mtechparul\final year dissertation\data\18sept19\onepassonly\IMG\right_2019_09_18_17_26_34_994.jpg,0,0,0,2.53E-06
C:\1jan2019pranitlenovo\data\mtechparul\final year dissertation\data\18sept19\onepassonly\IMG\center_2019_09_18_17_26_35_062.jpg,C:\1jan2019pranitlenovo\data\mtechparul\final year dissertation\data\18sept19\onepassonly\IMG\left_2019_09_18_17_26_35_062.jpg,C:\1jan2019pranitlenovo\data\mtechparul\final year dissertation\data\18sept19\onepassonly\IMG\right_2019_09_18_17_26_35_062.jpg,0,0,0,2.38E-06
C:\1jan2019pranitlenovo\data\mtechparul\final year dissertation\data\18sept19\onepassonly\IMG\center_2019_09_18_17_26_35_132.jpg,C:\1jan2019pranitlenovo\data\mtechparul\final year dissertation\data\18sept19\onepassonly\IMG\left_2019_09_18_17_26_35_132.jpg,C:\1jan2019pranitlenovo\data\mtechparul\final year dissertation\data\18sept19\onepassonly\IMG\right_2019_09_18_17_26_35_132.jpg,0,0,0,1.02E-05
C:\1jan2019pranitlenovo\data\mtechparul\final year dissertation\data\18sept19\onepassonly\IMG\center_2019_09_18_17_26_35_199.jpg,C:\1jan2019pranitlenovo\data\mtechparul\final year dissertation\data\18sept19\onepassonly\IMG\left_2019_09_18_17_26_35_199.jpg,C:\1jan2019pranitlenovo\data\mtechparul\final year dissertation\data\18sept19\onepassonly\IMG\right_2019_09_18_17_26_35_199.jpg,0,0,0,2.10E-07
C:\1jan2019pranitlenovo\data\mtechparul\final year dissertation\data\18sept19\onepassonly\IMG\center_2019_09_18_17_26_35_267.jpg,C:\1jan2019pranitlenovo\data\mtechparul\final year dissertation\data\18sept19\onepassonly\IMG\left_2019_09_18_17_26_35_267.jpg,C:\1jan2019pranitlenovo\data\mtechparul\final year dissertation\data\18sept19\onepassonly\IMG\right_2019_09_18_17_26_35_267.jpg,0,0,0,1.65E-06
C:\1jan2019pranitlenovo\data\mtechparul\final year dissertation\data\18sept19\onepassonly\IMG\center_2019_09_18_17_26_35_336.jpg,C:\1jan2019pranitlenovo\data\mtechparul\final year dissertation\data\18sept19\onepassonly\IMG\left_2019_09_18_17_26_35_336.jpg,C:\1jan2019pranitlenovo\data\mtechparul\final year dissertation\data\18sept19\onepassonly\IMG\right_2019_09_18_17_26_35_336.jpg,0,0,0,6.09E-06
C:\1jan2019pranitlenovo\data\mtechparul\final year dissertation\data\18sept19\onepassonly\IMG\center_2019_09_18_17_26_35_403.jpg,C:\1jan2019pranitlenovo\data\mtechparul\final year dissertation\data\18sept19\onepassonly\IMG\left_2019_09_18_17_26_35_403.jpg,C:\1jan2019pranitlenovo\data\mtechparul\final year dissertation\data\18sept19\onepassonly\IMG\right_2019_09_18_17_26_35_403.jpg,0,0,0,9.51E-06
C:\1jan2019pranitlenovo\data\mtechparul\final year dissertation\data\18sept19\onepassonly\IMG\center_2019_09_18_17_26_35_482.jpg,C:\1jan2019pranitlenovo\data\mtechparul\final year dissertation\data\18sept19\onepassonly\IMG\left_2019_09_18_17_26_35_482.jpg,C:\1jan2019pranitlenovo\data\mtechparul\final year dissertation\data\18sept19\onepassonly\IMG\right_2019_09_18_17_26_35_482.jpg,0,0,0,3.93E-06
C:\1jan2019pranitlenovo\data\mtechparul\final year dissertation\data\18sept19\onepassonly\IMG\center_2019_09_18_17_26_35_601.jpg,C:\1jan2019pranitlenovo\data\mtechparul\final year dissertation\data\18sept19\onepassonly\IMG\left_2019_09_18_17_26_35_601.jpg,C:\1jan2019pranitlenovo\data\mtechparul\final year dissertation\data\18sept19\onepassonly\IMG\right_2019_09_18_17_26_35_601.jpg,0,0.1076019,0,0.0238516
C:\1jan2019pranitlenovo\data\mtechparul\final year dissertation\data\18sept19\onepassonly\IMG\center_2019_09_18_17_26_35_633.jpg,C:\1jan2019pranitlenovo\data\mtechparul\final year dissertation\data\18sept19\onepassonly\IMG\left_2019_09_18_17_26_35_633.jpg,C:\1jan2019pranitlenovo\data\mtechparul\final year dissertation\data\18sept19\onepassonly\IMG\right_2019_09_18_17_26_35_633.jpg,0,0.3469369,0,0.3462449
C:\1jan2019pranitlenovo\data\mtechparul\final year dissertation\data\18sept19\onepassonly\IMG\center_2019_09_18_17_26_35_708.jpg,C:\1jan2019pranitlenovo\data\mtechparul\final year dissertation\data\18sept19\onepassonly\IMG\left_2019_09_18_17_26_35_708.jpg,C:\1jan2019pranitlenovo\data\mtechparul\final year dissertation\data\18sept19\onepassonly\IMG\right_2019_09_18_17_26_35_708.jpg,0,0.5373821,0,0.637535
C:\1jan2019pranitlenovo\data\mtechparul\final year dissertation\data\18sept19\onepassonly\IMG\center_2019_09_18_17_26_35_786.jpg,C:\1jan2019pranitlenovo\data\mtechparul\final year dissertation\data\18sept19\onepassonly\IMG\left_2019_09_18_17_26_35_786.jpg,C:\1jan2019pranitlenovo\data\mtechparul\final year dissertation\data\18sept19\onepassonly\IMG\right_2019_09_18_17_26_35_786.jpg,0,0.7676286,0,1.256607
C:\1jan2019pranitlenovo\data\mtechparul\final year dissertation\data\18sept19\onepassonly\IMG\center_2019_09_18_17_26_35_864.jpg,C:\1jan2019pranitlenovo\data\mtechparul\final year dissertation\data\18sept19\onepassonly\IMG\left_2019_09_18_17_26_35_864.jpg,C:\1jan2019pranitlenovo\data\mtechparul\final year dissertation\data\18sept19\onepassonly\IMG\right_2019_09_18_17_26_35_864.jpg,0,1,0,2.069947
C:\1jan2019pranitlenovo\data\mtechparul\final year dissertation\data\18sept19\onepassonly\IMG\center_2019_09_18_17_26_35_938.jpg,C:\1jan2019pranitlenovo\data\mtechparul\final year dissertation\data\18sept19\onepassonly\IMG\left_2019_09_18_17_26_35_938.jpg,C:\1jan2019pranitlenovo\data\mtechparul\final year dissertation\data\18sept19\onepassonly\IMG\right_2019_09_18_17_26_35_938.jpg,0,1,0,2.980201
C:\1jan2019pranitlenovo\data\mtechparul\final year dissertation\data\18sept19\onepassonly\IMG\center_2019_09_18_17_26_36_005.jpg,C:\1jan2019pranitlenovo\data\mtechparul\final year dissertation\data\18sept19\onepassonly\IMG\left_2019_09_18_17_26_36_005.jpg,C:\1jan2019pranitlenovo\data\mtechparul\final year dissertation\data\18sept19\onepassonly\IMG\right_2019_09_18_17_26_36_005.jpg,0,1,0,3.687143
C:\1jan2019pranitlenovo\data\mtechparul\final year dissertation\data\18sept19\onepassonly\IMG\center_2019_09_18_17_26_36_077.jpg,C:\1jan2019pranitlenovo\data\mtechparul\final year dissertation\data\18sept19\onepassonly\IMG\left_2019_09_18_17_26_36_077.jpg,C:\1jan2019pranitlenovo\data\mtechparul\final year dissertation\data\18sept19\onepassonly\IMG\right_2019_09_18_17_26_36_077.jpg,0,1,0,4.624829
C:\1jan2019pranitlenovo\data\mtechparul\final year dissertation\data\18sept19\onepassonly\IMG\center_2019_09_18_17_26_36_146.jpg,C:\1jan2019pranitlenovo\data\mtechparul\final year dissertation\data\18sept19\onepassonly\IMG\left_2019_09_18_17_26_36_146.jpg,C:\1jan2019pranitlenovo\data\mtechparul\final year dissertation\data\18sept19\onepassonly\IMG\right_2019_09_18_17_26_36_146.jpg,0,1,0,5.321931
C:\1jan2019pranitlenovo\data\mtechparul\final year dissertation\data\18sept19\onepassonly\IMG\center_2019_09_18_17_26_36_218.jpg,C:\1jan2019pranitlenovo\data\mtechparul\final year dissertation\data\18sept19\onepassonly\IMG\left_2019_09_18_17_26_36_218.jpg,C:\1jan2019pranitlenovo\data\mtechparul\final year dissertation\data\18sept19\onepassonly\IMG\right_2019_09_18_17_26_36_218.jpg,-0.2,1,0,6.237509
C:\1jan2019pranitlenovo\data\mtechparul\final year dissertation\data\18sept19\onepassonly\IMG\center_2019_09_18_17_26_36_286.jpg,C:\1jan2019pranitlenovo\data\mtechparul\final year dissertation\data\18sept19\onepassonly\IMG\left_2019_09_18_17_26_36_286.jpg,C:\1jan2019pranitlenovo\data\mtechparul\final year dissertation\data\18sept19\onepassonly\IMG\right_2019_09_18_17_26_36_286.jpg,-0.35,1,0,6.907366
C:\1jan2019pranitlenovo\data\mtechparul\final year dissertation\data\18sept19\onepassonly\IMG\center_2019_09_18_17_26_36_358.jpg,C:\1jan2019pranitlenovo\data\mtechparul\final year dissertation\data\18sept19\onepassonly\IMG\left_2019_09_18_17_26_36_358.jpg,C:\1jan2019pranitlenovo\data\mtechparul\final year dissertation\data\18sept19\onepassonly\IMG\right_2019_09_18_17_26_36_358.jpg,-0.4660212,1,0,7.782469
C:\1jan2019pranitlenovo\data\mtechparul\final year dissertation\data\18sept19\onepassonly\IMG\center_2019_09_18_17_26_36_429.jpg,C:\1jan2019pranitlenovo\data\mtechparul\final year dissertation\data\18sept19\onepassonly\IMG\left_2019_09_18_17_26_36_429.jpg,C:\1jan2019pranitlenovo\data\mtechparul\final year dissertation\data\18sept19\onepassonly\IMG\right_2019_09_18_17_26_36_429.jpg,-0.2933822,1,0,8.463322
C:\1jan2019pranitlenovo\data\mtechparul\final year dissertation\data\18sept19\onepassonly\IMG\center_2019_09_18_17_26_36_499.jpg,C:\1jan2019pranitlenovo\data\mtechparul\final year dissertation\data\18sept19\onepassonly\IMG\left_2019_09_18_17_26_36_499.jpg,C:\1jan2019pranitlenovo\data\mtechparul\final year dissertation\data\18sept19\onepassonly\IMG\right_2019_09_18_17_26_36_499.jpg,-0.04108934,1,0,9.360002
C:\1jan2019pranitlenovo\data\mtechparul\final year dissertation\data\18sept19\onepassonly\IMG\center_2019_09_18_17_26_36_569.jpg,C:\1jan2019pranitlenovo\data\mtechparul\final year dissertation\data\18sept19\onepassonly\IMG\left_2019_09_18_17_26_36_569.jpg,C:\1jan2019pranitlenovo\data\mtechparul\final year dissertation\data\18sept19\onepassonly\IMG\right_2019_09_18_17_26_36_569.jpg,0,1,0,10.02304
C:\1jan2019pranitlenovo\data\mtechparul\final year dissertation\data\18sept19\onepassonly\IMG\center_2019_09_18_17_26_36_650.jpg,C:\1jan2019pranitlenovo\data\mtechparul\final year dissertation\data\18sept19\onepassonly\IMG\left_2019_09_18_17_26_36_650.jpg,C:\1jan2019pranitlenovo\data\mtechparul\final year dissertation\data\18sept19\onepassonly\IMG\right_2019_09_18_17_26_36_650.jpg,0,1,0,10.90846
C:\1jan2019pranitlenovo\data\mtechparul\final year dissertation\data\18sept19\onepassonly\IMG\center_2019_09_18_17_26_36_724.jpg,C:\1jan2019pranitlenovo\data\mtechparul\final year dissertation\data\18sept19\onepassonly\IMG\left_2019_09_18_17_26_36_724.jpg,C:\1jan2019pranitlenovo\data\mtechparul\final year dissertation\data\18sept19\onepassonly\IMG\right_2019_09_18_17_26_36_724.jpg,-0.2,1,0,11.61342
C:\1jan2019pranitlenovo\data\mtechparul\final year dissertation\data\18sept19\onepassonly\IMG\center_2019_09_18_17_26_36_795.jpg,C:\1jan2019pranitlenovo\data\mtechparul\final year dissertation\data\18sept19\onepassonly\IMG\left_2019_09_18_17_26_36_795.jpg,C:\1jan2019pranitlenovo\data\mtechparul\final year dissertation\data\18sept19\onepassonly\IMG\right_2019_09_18_17_26_36_795.jpg,-0.06245582,1,0,12.53505
C:\1jan2019pranitlenovo\data\mtechparul\final year dissertation\data\18sept19\onepassonly\IMG\center_2019_09_18_17_26_36_865.jpg,C:\1jan2019pranitlenovo\data\mtechparul\final year dissertation\data\18sept19\onepassonly\IMG\left_2019_09_18_17_26_36_865.jpg,C:\1jan2019pranitlenovo\data\mtechparul\final year dissertation\data\18sept19\onepassonly\IMG\right_2019_09_18_17_26_36_865.jpg,0,1,0,13.36262
C:\1jan2019pranitlenovo\data\mtechparul\final year dissertation\data\18sept19\onepassonly\IMG\center_2019_09_18_17_26_36_938.jpg,C:\1jan2019pranitlenovo\data\mtechparul\final year dissertation\data\18sept19\onepassonly\IMG\left_2019_09_18_17_26_36_938.jpg,C:\1jan2019pranitlenovo\data\mtechparul\final year dissertation\data\18sept19\onepassonly\IMG\right_2019_09_18_17_26_36_938.jpg,0,1,0,14.18305
C:\1jan2019pranitlenovo\data\mtechparul\final year dissertation\data\18sept19\onepassonly\IMG\center_2019_09_18_17_26_37_006.jpg,C:\1jan2019pranitlenovo\data\mtechparul\final year dissertation\data\18sept19\onepassonly\IMG\left_2019_09_18_17_26_37_006.jpg,C:\1jan2019pranitlenovo\data\mtechparul\final year dissertation\data\18sept19\onepassonly\IMG\right_2019_09_18_17_26_37_006.jpg,0,1,0,14.82258
C:\1jan2019pranitlenovo\data\mtechparul\final year dissertation\data\18sept19\onepassonly\IMG\center_2019_09_18_17_26_37_078.jpg,C:\1jan2019pranitlenovo\data\mtechparul\final year dissertation\data\18sept19\onepassonly\IMG\left_2019_09_18_17_26_37_078.jpg,C:\1jan2019pranitlenovo\data\mtechparul\final year dissertation\data\18sept19\onepassonly\IMG\right_2019_09_18_17_26_37_078.jpg,-0.2,1,0,15.66993
C:\1jan2019pranitlenovo\data\mtechparul\final year dissertation\data\18sept19\onepassonly\IMG\center_2019_09_18_17_26_37_147.jpg,C:\1jan2019pranitlenovo\data\mtechparul\final year dissertation\data\18sept19\onepassonly\IMG\left_2019_09_18_17_26_37_147.jpg,C:\1jan2019pranitlenovo\data\mtechparul\final year dissertation\data\18sept19\onepassonly\IMG\right_2019_09_18_17_26_37_147.jpg,-0.35,1,0,16.15486
C:\1jan2019pranitlenovo\data\mtechparul\final year dissertation\data\18sept19\onepassonly\IMG\center_2019_09_18_17_26_37_217.jpg,C:\1jan2019pranitlenovo\data\mtechparul\final year dissertation\data\18sept19\onepassonly\IMG\left_2019_09_18_17_26_37_217.jpg,C:\1jan2019pranitlenovo\data\mtechparul\final year dissertation\data\18sept19\onepassonly\IMG\right_2019_09_18_17_26_37_217.jpg,-0.5500001,1,0,16.89889
C:\1jan2019pranitlenovo\data\mtechparul\final year dissertation\data\18sept19\onepassonly\IMG\center_2019_09_18_17_26_37_293.jpg,C:\1jan2019pranitlenovo\data\mtechparul\final year dissertation\data\18sept19\onepassonly\IMG\left_2019_09_18_17_26_37_293.jpg,C:\1jan2019pranitlenovo\data\mtechparul\final year dissertation\data\18sept19\onepassonly\IMG\right_2019_09_18_17_26_37_293.jpg,-0.7500002,1,0,17.58327
C:\1jan2019pranitlenovo\data\mtechparul\final year dissertation\data\18sept19\onepassonly\IMG\center_2019_09_18_17_26_37_374.jpg,C:\1jan2019pranitlenovo\data\mtechparul\final year dissertation\data\18sept19\onepassonly\IMG\left_2019_09_18_17_26_37_374.jpg,C:\1jan2019pranitlenovo\data\mtechparul\final year dissertation\data\18sept19\onepassonly\IMG\right_2019_09_18_17_26_37_374.jpg,-0.9500002,1,0,18.20237
C:\1jan2019pranitlenovo\data\mtechparul\final year dissertation\data\18sept19\onepassonly\IMG\center_2019_09_18_17_26_37_454.jpg,C:\1jan2019pranitlenovo\data\mtechparul\final year dissertation\data\18sept19\onepassonly\IMG\left_2019_09_18_17_26_37_454.jpg,C:\1jan2019pranitlenovo\data\mtechparul\final year dissertation\data\18sept19\onepassonly\IMG\right_2019_09_18_17_26_37_454.jpg,-1,1,0,18.81693
C:\1jan2019pranitlenovo\data\mtechparul\final year dissertation\data\18sept19\onepassonly\IMG\center_2019_09_18_17_26_37_533.jpg,C:\1jan2019pranitlenovo\data\mtechparul\final year dissertation\data\18sept19\onepassonly\IMG\left_2019_09_18_17_26_37_533.jpg,C:\1jan2019pranitlenovo\data\mtechparul\final year dissertation\data\18sept19\onepassonly\IMG\right_2019_09_18_17_26_37_533.jpg,-0.8512331,1,0,19.56907
C:\1jan2019pranitlenovo\data\mtechparul\final year dissertation\data\18sept19\onepassonly\IMG\center_2019_09_18_17_26_37_606.jpg,C:\1jan2019pranitlenovo\data\mtechparul\final year dissertation\data\18sept19\onepassonly\IMG\left_2019_09_18_17_26_37_606.jpg,C:\1jan2019pranitlenovo\data\mtechparul\final year dissertation\data\18sept19\onepassonly\IMG\right_2019_09_18_17_26_37_606.jpg,-0.6713954,1,0,20.3077
C:\1jan2019pranitlenovo\data\mtechparul\final year dissertation\data\18sept19\onepassonly\IMG\center_2019_09_18_17_26_37_679.jpg,C:\1jan2019pranitlenovo\data\mtechparul\final year dissertation\data\18sept19\onepassonly\IMG\left_2019_09_18_17_26_37_679.jpg,C:\1jan2019pranitlenovo\data\mtechparul\final year dissertation\data\18sept19\onepassonly\IMG\right_2019_09_18_17_26_37_679.jpg,-0.4132882,1,0,21.15137
C:\1jan2019pranitlenovo\data\mtechparul\final year dissertation\data\18sept19\onepassonly\IMG\center_2019_09_18_17_26_37_761.jpg,C:\1jan2019pranitlenovo\data\mtechparul\final year dissertation\data\18sept19\onepassonly\IMG\left_2019_09_18_17_26_37_761.jpg,C:\1jan2019pranitlenovo\data\mtechparul\final year dissertation\data\18sept19\onepassonly\IMG\right_2019_09_18_17_26_37_761.jpg,-0.1666288,1,0,21.96023
C:\1jan2019pranitlenovo\data\mtechparul\final year dissertation\data\18sept19\onepassonly\IMG\center_2019_09_18_17_26_37_839.jpg,C:\1jan2019pranitlenovo\data\mtechparul\final year dissertation\data\18sept19\onepassonly\IMG\left_2019_09_18_17_26_37_839.jpg,C:\1jan2019pranitlenovo\data\mtechparul\final year dissertation\data\18sept19\onepassonly\IMG\right_2019_09_18_17_26_37_839.jpg,0,1,0,22.72087
C:\1jan2019pranitlenovo\data\mtechparul\final year dissertation\data\18sept19\onepassonly\IMG\center_2019_09_18_17_26_37_909.jpg,C:\1jan2019pranitlenovo\data\mtechparul\final year dissertation\data\18sept19\onepassonly\IMG\left_2019_09_18_17_26_37_909.jpg,C:\1jan2019pranitlenovo\data\mtechparul\final year dissertation\data\18sept19\onepassonly\IMG\right_2019_09_18_17_26_37_909.jpg,0,1,0,23.24914
C:\1jan2019pranitlenovo\data\mtechparul\final year dissertation\data\18sept19\onepassonly\IMG\center_2019_09_18_17_26_37_983.jpg,C:\1jan2019pranitlenovo\data\mtechparul\final year dissertation\data\18sept19\onepassonly\IMG\left_2019_09_18_17_26_37_983.jpg,C:\1jan2019pranitlenovo\data\mtechparul\final year dissertation\data\18sept19\onepassonly\IMG\right_2019_09_18_17_26_37_983.jpg,0,1,0,24.03358
C:\1jan2019pranitlenovo\data\mtechparul\final year dissertation\data\18sept19\onepassonly\IMG\center_2019_09_18_17_26_38_053.jpg,C:\1jan2019pranitlenovo\data\mtechparul\final year dissertation\data\18sept19\onepassonly\IMG\left_2019_09_18_17_26_38_053.jpg,C:\1jan2019pranitlenovo\data\mtechparul\final year dissertation\data\18sept19\onepassonly\IMG\right_2019_09_18_17_26_38_053.jpg,0.1,1,0,24.80914
C:\1jan2019pranitlenovo\data\mtechparul\final year dissertation\data\18sept19\onepassonly\IMG\center_2019_09_18_17_26_38_133.jpg,C:\1jan2019pranitlenovo\data\mtechparul\final year dissertation\data\18sept19\onepassonly\IMG\left_2019_09_18_17_26_38_133.jpg,C:\1jan2019pranitlenovo\data\mtechparul\final year dissertation\data\18sept19\onepassonly\IMG\right_2019_09_18_17_26_38_133.jpg,0.3,1,0,25.52205
C:\1jan2019pranitlenovo\data\mtechparul\final year dissertation\data\18sept19\onepassonly\IMG\center_2019_09_18_17_26_38_200.jpg,C:\1jan2019pranitlenovo\data\mtechparul\final year dissertation\data\18sept19\onepassonly\IMG\left_2019_09_18_17_26_38_200.jpg,C:\1jan2019pranitlenovo\data\mtechparul\final year dissertation\data\18sept19\onepassonly\IMG\right_2019_09_18_17_26_38_200.jpg,0.45,1,0,26.00345
C:\1jan2019pranitlenovo\data\mtechparul\final year dissertation\data\18sept19\onepassonly\IMG\center_2019_09_18_17_26_38_278.jpg,C:\1jan2019pranitlenovo\data\mtechparul\final year dissertation\data\18sept19\onepassonly\IMG\left_2019_09_18_17_26_38_278.jpg,C:\1jan2019pranitlenovo\data\mtechparul\final year dissertation\data\18sept19\onepassonly\IMG\right_2019_09_18_17_26_38_278.jpg,0.4155291,1,0,26.65856
C:\1jan2019pranitlenovo\data\mtechparul\final year dissertation\data\18sept19\onepassonly\IMG\center_2019_09_18_17_26_38_353.jpg,C:\1jan2019pranitlenovo\data\mtechparul\final year dissertation\data\18sept19\onepassonly\IMG\left_2019_09_18_17_26_38_353.jpg,C:\1jan2019pranitlenovo\data\mtechparul\final year dissertation\data\18sept19\onepassonly\IMG\right_2019_09_18_17_26_38_353.jpg,0.1899231,1,0,27.41351
C:\1jan2019pranitlenovo\data\mtechparul\final year dissertation\data\18sept19\onepassonly\IMG\center_2019_09_18_17_26_38_431.jpg,C:\1jan2019pranitlenovo\data\mtechparul\final year dissertation\data\18sept19\onepassonly\IMG\left_2019_09_18_17_26_38_431.jpg,C:\1jan2019pranitlenovo\data\mtechparul\final year dissertation\data\18sept19\onepassonly\IMG\right_2019_09_18_17_26_38_431.jpg,0,1,0,28.1487
C:\1jan2019pranitlenovo\data\mtechparul\final year dissertation\data\18sept19\onepassonly\IMG\center_2019_09_18_17_26_38_510.jpg,C:\1jan2019pranitlenovo\data\mtechparul\final year dissertation\data\18sept19\onepassonly\IMG\left_2019_09_18_17_26_38_510.jpg,C:\1jan2019pranitlenovo\data\mtechparul\final year dissertation\data\18sept19\onepassonly\IMG\right_2019_09_18_17_26_38_510.jpg,0.2,1,0,28.88668
C:\1jan2019pranitlenovo\data\mtechparul\final year dissertation\data\18sept19\onepassonly\IMG\center_2019_09_18_17_26_38_589.jpg,C:\1jan2019pranitlenovo\data\mtechparul\final year dissertation\data\18sept19\onepassonly\IMG\left_2019_09_18_17_26_38_589.jpg,C:\1jan2019pranitlenovo\data\mtechparul\final year dissertation\data\18sept19\onepassonly\IMG\right_2019_09_18_17_26_38_589.jpg,0.35,1,0,29.40303
C:\1jan2019pranitlenovo\data\mtechparul\final year dissertation\data\18sept19\onepassonly\IMG\center_2019_09_18_17_26_38_668.jpg,C:\1jan2019pranitlenovo\data\mtechparul\final year dissertation\data\18sept19\onepassonly\IMG\left_2019_09_18_17_26_38_668.jpg,C:\1jan2019pranitlenovo\data\mtechparul\final year dissertation\data\18sept19\onepassonly\IMG\right_2019_09_18_17_26_38_668.jpg,0.1525286,1,0,30.1199
C:\1jan2019pranitlenovo\data\mtechparul\final year dissertation\data\18sept19\onepassonly\IMG\center_2019_09_18_17_26_38_746.jpg,C:\1jan2019pranitlenovo\data\mtechparul\final year dissertation\data\18sept19\onepassonly\IMG\left_2019_09_18_17_26_38_746.jpg,C:\1jan2019pranitlenovo\data\mtechparul\final year dissertation\data\18sept19\onepassonly\IMG\right_2019_09_18_17_26_38_746.jpg,0,1,0,30.18871
C:\1jan2019pranitlenovo\data\mtechparul\final year dissertation\data\18sept19\onepassonly\IMG\center_2019_09_18_17_26_38_826.jpg,C:\1jan2019pranitlenovo\data\mtechparul\final year dissertation\data\18sept19\onepassonly\IMG\left_2019_09_18_17_26_38_826.jpg,C:\1jan2019pranitlenovo\data\mtechparul\final year dissertation\data\18sept19\onepassonly\IMG\right_2019_09_18_17_26_38_826.jpg,-0.1,1,0,30.18448
C:\1jan2019pranitlenovo\data\mtechparul\final year dissertation\data\18sept19\onepassonly\IMG\center_2019_09_18_17_26_38_909.jpg,C:\1jan2019pranitlenovo\data\mtechparul\final year dissertation\data\18sept19\onepassonly\IMG\left_2019_09_18_17_26_38_909.jpg,C:\1jan2019pranitlenovo\data\mtechparul\final year dissertation\data\18sept19\onepassonly\IMG\right_2019_09_18_17_26_38_909.jpg,-0.3,1,0,30.16608
C:\1jan2019pranitlenovo\data\mtechparul\final year dissertation\data\18sept19\onepassonly\IMG\center_2019_09_18_17_26_38_990.jpg,C:\1jan2019pranitlenovo\data\mtechparul\final year dissertation\data\18sept19\onepassonly\IMG\left_2019_09_18_17_26_38_990.jpg,C:\1jan2019pranitlenovo\data\mtechparul\final year dissertation\data\18sept19\onepassonly\IMG\right_2019_09_18_17_26_38_990.jpg,-0.5500001,1,0,30.13673
C:\1jan2019pranitlenovo\data\mtechparul\final year dissertation\data\18sept19\onepassonly\IMG\center_2019_09_18_17_26_39_061.jpg,C:\1jan2019pranitlenovo\data\mtechparul\final year dissertation\data\18sept19\onepassonly\IMG\left_2019_09_18_17_26_39_061.jpg,C:\1jan2019pranitlenovo\data\mtechparul\final year dissertation\data\18sept19\onepassonly\IMG\right_2019_09_18_17_26_39_061.jpg,-0.4882075,1,0,30.16575
C:\1jan2019pranitlenovo\data\mtechparul\final year dissertation\data\18sept19\onepassonly\IMG\center_2019_09_18_17_26_39_128.jpg,C:\1jan2019pranitlenovo\data\mtechparul\final year dissertation\data\18sept19\onepassonly\IMG\left_2019_09_18_17_26_39_128.jpg,C:\1jan2019pranitlenovo\data\mtechparul\final year dissertation\data\18sept19\onepassonly\IMG\right_2019_09_18_17_26_39_128.jpg,-0.3254396,1,0,30.19203
C:\1jan2019pranitlenovo\data\mtechparul\final year dissertation\data\18sept19\onepassonly\IMG\center_2019_09_18_17_26_39_198.jpg,C:\1jan2019pranitlenovo\data\mtechparul\final year dissertation\data\18sept19\onepassonly\IMG\left_2019_09_18_17_26_39_198.jpg,C:\1jan2019pranitlenovo\data\mtechparul\final year dissertation\data\18sept19\onepassonly\IMG\right_2019_09_18_17_26_39_198.jpg,-0.07649399,1,0,30.18933
C:\1jan2019pranitlenovo\data\mtechparul\final year dissertation\data\18sept19\onepassonly\IMG\center_2019_09_18_17_26_39_265.jpg,C:\1jan2019pranitlenovo\data\mtechparul\final year dissertation\data\18sept19\onepassonly\IMG\left_2019_09_18_17_26_39_265.jpg,C:\1jan2019pranitlenovo\data\mtechparul\final year dissertation\data\18sept19\onepassonly\IMG\right_2019_09_18_17_26_39_265.jpg,0,1,0,30.1862
C:\1jan2019pranitlenovo\data\mtechparul\final year dissertation\data\18sept19\onepassonly\IMG\center_2019_09_18_17_26_39_333.jpg,C:\1jan2019pranitlenovo\data\mtechparul\final year dissertation\data\18sept19\onepassonly\IMG\left_2019_09_18_17_26_39_333.jpg,C:\1jan2019pranitlenovo\data\mtechparul\final year dissertation\data\18sept19\onepassonly\IMG\right_2019_09_18_17_26_39_333.jpg,0,1,0,30.19143
C:\1jan2019pranitlenovo\data\mtechparul\final year dissertation\data\18sept19\onepassonly\IMG\center_2019_09_18_17_26_39_401.jpg,C:\1jan2019pranitlenovo\data\mtechparul\final year dissertation\data\18sept19\onepassonly\IMG\left_2019_09_18_17_26_39_401.jpg,C:\1jan2019pranitlenovo\data\mtechparul\final year dissertation\data\18sept19\onepassonly\IMG\right_2019_09_18_17_26_39_401.jpg,0,1,0,30.19051
C:\1jan2019pranitlenovo\data\mtechparul\final year dissertation\data\18sept19\onepassonly\IMG\center_2019_09_18_17_26_39_478.jpg,C:\1jan2019pranitlenovo\data\mtechparul\final year dissertation\data\18sept19\onepassonly\IMG\left_2019_09_18_17_26_39_478.jpg,C:\1jan2019pranitlenovo\data\mtechparul\final year dissertation\data\18sept19\onepassonly\IMG\right_2019_09_18_17_26_39_478.jpg,0,1,0,30.19047
C:\1jan2019pranitlenovo\data\mtechparul\final year dissertation\data\18sept19\onepassonly\IMG\center_2019_09_18_17_26_39_549.jpg,C:\1jan2019pranitlenovo\data\mtechparul\final year dissertation\data\18sept19\onepassonly\IMG\left_2019_09_18_17_26_39_549.jpg,C:\1jan2019pranitlenovo\data\mtechparul\final year dissertation\data\18sept19\onepassonly\IMG\right_2019_09_18_17_26_39_549.jpg,0,1,0,30.18898
C:\1jan2019pranitlenovo\data\mtechparul\final year dissertation\data\18sept19\onepassonly\IMG\center_2019_09_18_17_26_39_619.jpg,C:\1jan2019pranitlenovo\data\mtechparul\final year dissertation\data\18sept19\onepassonly\IMG\left_2019_09_18_17_26_39_619.jpg,C:\1jan2019pranitlenovo\data\mtechparul\final year dissertation\data\18sept19\onepassonly\IMG\right_2019_09_18_17_26_39_619.jpg,0,1,0,30.1909
C:\1jan2019pranitlenovo\data\mtechparul\final year dissertation\data\18sept19\onepassonly\IMG\center_2019_09_18_17_26_39_690.jpg,C:\1jan2019pranitlenovo\data\mtechparul\final year dissertation\data\18sept19\onepassonly\IMG\left_2019_09_18_17_26_39_690.jpg,C:\1jan2019pranitlenovo\data\mtechparul\final year dissertation\data\18sept19\onepassonly\IMG\right_2019_09_18_17_26_39_690.jpg,0,1,0,30.19041
C:\1jan2019pranitlenovo\data\mtechparul\final year dissertation\data\18sept19\onepassonly\IMG\center_2019_09_18_17_26_39_762.jpg,C:\1jan2019pranitlenovo\data\mtechparul\final year dissertation\data\18sept19\onepassonly\IMG\left_2019_09_18_17_26_39_762.jpg,C:\1jan2019pranitlenovo\data\mtechparul\final year dissertation\data\18sept19\onepassonly\IMG\right_2019_09_18_17_26_39_762.jpg,0,1,0,30.19019
C:\1jan2019pranitlenovo\data\mtechparul\final year dissertation\data\18sept19\onepassonly\IMG\center_2019_09_18_17_26_39_832.jpg,C:\1jan2019pranitlenovo\data\mtechparul\final year dissertation\data\18sept19\onepassonly\IMG\left_2019_09_18_17_26_39_832.jpg,C:\1jan2019pranitlenovo\data\mtechparul\final year dissertation\data\18sept19\onepassonly\IMG\right_2019_09_18_17_26_39_832.jpg,0,1,0,30.1904
C:\1jan2019pranitlenovo\data\mtechparul\final year dissertation\data\18sept19\onepassonly\IMG\center_2019_09_18_17_26_39_903.jpg,C:\1jan2019pranitlenovo\data\mtechparul\final year dissertation\data\18sept19\onepassonly\IMG\left_2019_09_18_17_26_39_903.jpg,C:\1jan2019pranitlenovo\data\mtechparul\final year dissertation\data\18sept19\onepassonly\IMG\right_2019_09_18_17_26_39_903.jpg,0,1,0,30.19038
C:\1jan2019pranitlenovo\data\mtechparul\final year dissertation\data\18sept19\onepassonly\IMG\center_2019_09_18_17_26_39_978.jpg,C:\1jan2019pranitlenovo\data\mtechparul\final year dissertation\data\18sept19\onepassonly\IMG\left_2019_09_18_17_26_39_978.jpg,C:\1jan2019pranitlenovo\data\mtechparul\final year dissertation\data\18sept19\onepassonly\IMG\right_2019_09_18_17_26_39_978.jpg,0,1,0,30.19011
C:\1jan2019pranitlenovo\data\mtechparul\final year dissertation\data\18sept19\onepassonly\IMG\center_2019_09_18_17_26_40_056.jpg,C:\1jan2019pranitlenovo\data\mtechparul\final year dissertation\data\18sept19\onepassonly\IMG\left_2019_09_18_17_26_40_056.jpg,C:\1jan2019pranitlenovo\data\mtechparul\final year dissertation\data\18sept19\onepassonly\IMG\right_2019_09_18_17_26_40_056.jpg,0,1,0,30.19011
C:\1jan2019pranitlenovo\data\mtechparul\final year dissertation\data\18sept19\onepassonly\IMG\center_2019_09_18_17_26_40_127.jpg,C:\1jan2019pranitlenovo\data\mtechparul\final year dissertation\data\18sept19\onepassonly\IMG\left_2019_09_18_17_26_40_127.jpg,C:\1jan2019pranitlenovo\data\mtechparul\final year dissertation\data\18sept19\onepassonly\IMG\right_2019_09_18_17_26_40_127.jpg,-0.15,1,0,30.1842
C:\1jan2019pranitlenovo\data\mtechparul\final year dissertation\data\18sept19\onepassonly\IMG\center_2019_09_18_17_26_40_198.jpg,C:\1jan2019pranitlenovo\data\mtechparul\final year dissertation\data\18sept19\onepassonly\IMG\left_2019_09_18_17_26_40_198.jpg,C:\1jan2019pranitlenovo\data\mtechparul\final year dissertation\data\18sept19\onepassonly\IMG\right_2019_09_18_17_26_40_198.jpg,-0.3390979,1,0,30.16504
C:\1jan2019pranitlenovo\data\mtechparul\final year dissertation\data\18sept19\onepassonly\IMG\center_2019_09_18_17_26_40_267.jpg,C:\1jan2019pranitlenovo\data\mtechparul\final year dissertation\data\18sept19\onepassonly\IMG\left_2019_09_18_17_26_40_267.jpg,C:\1jan2019pranitlenovo\data\mtechparul\final year dissertation\data\18sept19\onepassonly\IMG\right_2019_09_18_17_26_40_267.jpg,-0.1717909,1,0,30.18976
C:\1jan2019pranitlenovo\data\mtechparul\final year dissertation\data\18sept19\onepassonly\IMG\center_2019_09_18_17_26_40_339.jpg,C:\1jan2019pranitlenovo\data\mtechparul\final year dissertation\data\18sept19\onepassonly\IMG\left_2019_09_18_17_26_40_339.jpg,C:\1jan2019pranitlenovo\data\mtechparul\final year dissertation\data\18sept19\onepassonly\IMG\right_2019_09_18_17_26_40_339.jpg,0,1,0,30.1884
